node_id,window_start,window_end,pdr_mean,pdr_var,pdr_corrected,speed_kmh,is_handoff,kl_divergence,autocorr_peak,rsu_id,packets_received_total,packets_forwarded_total,ground_truth_label,is_attacker,label_multiclass,label_binary
5,0.0,10.0,0.8701,0.0291,0.8737,86.2,0,0.0115,0.0163,RSU_03,66,60,BENIGN,0,0,0
5,1.0,11.0,0.9724,0.0234,0.9755,74.7,0,0.0168,0.0284,RSU_03,142,139,BENIGN,0,0,0
5,2.0,12.0,0.8595,0.0089,0.8634,94.6,0,0.0549,0.0718,RSU_03,77,63,BENIGN,0,0,0
5,3.0,13.0,0.8139,0.0122,0.8173,83.3,0,0.0688,0.0199,RSU_03,50,41,BENIGN,0,0,0
5,4.0,14.0,0.8737,0.0339,0.8769,76.6,0,0.027,0.0892,RSU_03,111,98,BENIGN,0,0,0
5,5.0,15.0,0.9111,0.0179,0.9137,63.5,0,0.0728,0.0492,RSU_03,101,92,BENIGN,0,0,0
5,6.0,16.0,0.8366,0.0345,0.8403,90.6,0,0.0477,0.0592,RSU_03,111,92,BENIGN,0,0,0
5,7.0,17.0,0.9502,0.0052,0.9532,71.9,1,0.0577,0.0082,RSU_03,87,84,BENIGN,0,0,0
5,8.0,18.0,0.816,0.0149,0.8193,79.9,0,0.0744,0.0442,RSU_03,130,104,BENIGN,0,0,0
5,9.0,19.0,0.9506,0.0335,0.9538,77.2,0,0.0012,0.0954,RSU_03,127,122,BENIGN,0,0,0
5,10.0,20.0,0.9821,0.02,0.9853,78.6,0,0.0318,0.084,RSU_03,58,57,BENIGN,0,0,0
5,11.0,21.0,0.8446,0.0084,0.8473,65.0,0,0.0138,0.064,RSU_03,141,116,BENIGN,0,0,0
5,12.0,22.0,0.9543,0.0389,0.957,64.4,0,0.0279,0.0291,RSU_03,110,105,BENIGN,0,0,0
5,13.0,23.0,0.9305,0.0384,0.9337,77.7,0,0.0132,0.0997,RSU_03,89,85,BENIGN,0,0,0
5,14.0,24.0,0.9266,0.0158,0.9301,83.9,0,0.0101,0.0489,RSU_03,102,97,BENIGN,0,0,0
5,15.0,25.0,0.8925,0.0123,0.8957,75.9,0,0.0391,0.0225,RSU_03,55,46,BENIGN,0,0,0
5,16.0,26.0,0.79,0.0346,0.7935,84.6,0,0.0136,0.0931,RSU_03,97,79,BENIGN,0,0,0
5,17.0,27.0,0.8578,0.0163,0.8616,89.5,0,0.0347,0.0922,RSU_03,119,100,BENIGN,0,0,0
5,18.0,28.0,0.8353,0.0092,0.8384,73.8,0,0.0527,0.0116,RSU_03,88,72,BENIGN,0,0,0
5,19.0,29.0,0.7972,0.005,0.8,68.0,1,0.0669,0.0658,RSU_03,56,46,BENIGN,0,0,0
5,20.0,30.0,0.8898,0.0192,0.8926,67.6,0,0.0252,0.0138,RSU_03,124,108,BENIGN,0,0,0
5,21.0,31.0,0.9126,0.014,0.9162,86.4,1,0.0615,0.0863,RSU_03,86,76,BENIGN,0,0,0
5,22.0,32.0,0.8558,0.0073,0.8587,71.4,0,0.0716,0.0148,RSU_03,113,96,BENIGN,0,0,0
5,23.0,33.0,0.8381,0.0369,0.8412,75.3,0,0.0567,0.0785,RSU_03,58,49,BENIGN,0,0,0
5,24.0,34.0,0.786,0.0376,0.7897,89.6,0,0.0035,0.0615,RSU_03,119,94,BENIGN,0,0,0
5,25.0,35.0,0.9402,0.034,0.9433,75.4,1,0.047,0.0161,RSU_03,51,50,BENIGN,0,0,0
5,26.0,36.0,0.9508,0.0174,0.9542,83.3,0,0.01,0.094,RSU_03,104,102,BENIGN,0,0,0
5,27.0,37.0,0.9001,0.0119,0.9037,84.7,0,0.0798,0.0681,RSU_03,90,81,BENIGN,0,0,0
5,28.0,38.0,0.8813,0.0329,0.884,63.3,0,0.0672,0.0824,RSU_03,122,110,BENIGN,0,0,0
5,29.0,39.0,0.9569,0.0199,0.9601,77.0,1,0.0102,0.0115,RSU_03,65,64,BENIGN,0,0,0
5,30.0,40.0,0.9579,0.0113,0.9615,86.3,0,0.0634,0.0489,RSU_03,123,119,BENIGN,0,0,0
5,31.0,41.0,0.7874,0.039,0.7902,67.3,0,0.0519,0.0432,RSU_03,112,85,BENIGN,0,0,0
5,32.0,42.0,0.8294,0.0289,0.8327,79.9,0,0.0348,0.0652,RSU_03,70,55,BENIGN,0,0,0
5,33.0,43.0,0.9137,0.023,0.9171,82.8,0,0.0452,0.0615,RSU_03,100,91,BENIGN,0,0,0
5,34.0,44.0,0.9418,0.0392,0.945,76.4,0,0.0761,0.0899,RSU_03,65,62,BENIGN,0,0,0
5,35.0,45.0,0.9178,0.0104,0.9207,68.6,0,0.0018,0.0141,RSU_03,94,83,BENIGN,0,0,0
5,36.0,46.0,0.9727,0.0358,0.9763,87.2,1,0.0727,0.074,RSU_03,60,56,BENIGN,0,0,0
5,37.0,47.0,0.8499,0.0234,0.8529,71.1,0,0.0624,0.0921,RSU_03,125,105,BENIGN,0,0,0
5,38.0,48.0,0.7998,0.0354,0.803,76.5,0,0.0435,0.004,RSU_03,141,116,BENIGN,0,0,0
5,39.0,49.0,0.9513,0.0025,0.955,88.5,0,0.0198,0.0876,RSU_03,139,132,BENIGN,0,0,0
5,40.0,50.0,0.9834,0.0085,0.9859,61.5,0,0.0153,0.0661,RSU_03,74,69,BENIGN,0,0,0
5,41.0,51.0,0.8143,0.0198,0.8176,79.6,0,0.0329,0.089,RSU_03,50,40,BENIGN,0,0,0
5,42.0,52.0,0.7898,0.0215,0.7932,80.1,0,0.0188,0.0301,RSU_03,74,58,BENIGN,0,0,0
5,43.0,53.0,0.8906,0.0316,0.8941,85.4,1,0.0065,0.089,RSU_03,107,99,BENIGN,0,0,0
5,44.0,54.0,0.9773,0.0258,0.9808,84.6,1,0.0073,0.0021,RSU_03,55,55,BENIGN,0,0,0
5,45.0,55.0,0.8444,0.0213,0.8483,92.0,0,0.0413,0.0019,RSU_03,78,68,BENIGN,0,0,0
5,46.0,56.0,0.8752,0.0089,0.8787,85.3,0,0.0591,0.0904,RSU_03,73,63,BENIGN,0,0,0
5,47.0,57.0,0.9375,0.0114,0.941,84.0,0,0.0336,0.0384,RSU_03,135,124,BENIGN,0,0,0
5,48.0,58.0,0.977,0.0261,0.9805,83.4,0,0.0776,0.058,RSU_03,132,131,BENIGN,0,0,0
5,49.0,59.0,0.7846,0.0307,0.7877,75.3,0,0.0772,0.0339,RSU_03,114,91,BENIGN,0,0,0
5,50.0,60.0,0.9066,0.0326,0.9105,91.9,0,0.025,0.0229,RSU_03,93,85,BENIGN,0,0,0
5,51.0,61.0,0.8628,0.0318,0.8657,71.6,0,0.0029,0.0668,RSU_03,114,99,BENIGN,0,0,0
5,52.0,62.0,0.97,0.027,0.9733,80.6,0,0.0232,0.087,RSU_03,124,120,BENIGN,0,0,0
5,53.0,63.0,0.9849,0.0381,0.9888,93.1,0,0.026,0.0422,RSU_03,60,57,BENIGN,0,0,0
5,54.0,64.0,0.9103,0.0266,0.9138,83.6,0,0.0625,0.0183,RSU_03,80,72,BENIGN,0,0,0
5,55.0,65.0,0.9553,0.0192,0.958,63.0,0,0.0703,0.0348,RSU_03,128,120,BENIGN,0,0,0
5,56.0,66.0,0.8026,0.0109,0.8061,85.3,0,0.0322,0.0749,RSU_03,57,44,BENIGN,0,0,0
5,57.0,67.0,0.9397,0.0071,0.9435,89.8,0,0.047,0.0941,RSU_03,111,106,BENIGN,0,0,0
5,58.0,68.0,0.9271,0.0366,0.9309,91.3,0,0.0009,0.087,RSU_03,71,67,BENIGN,0,0,0
5,59.0,69.0,0.9673,0.0376,0.971,88.9,0,0.0358,0.0656,RSU_03,89,85,BENIGN,0,0,0
5,60.0,70.0,0.8853,0.0326,0.8883,72.6,0,0.0596,0.002,RSU_03,113,96,BENIGN,0,0,0
5,61.0,71.0,0.895,0.0354,0.8978,67.3,0,0.057,0.0553,RSU_03,125,107,BENIGN,0,0,0
5,62.0,72.0,0.9867,0.0217,0.99,78.6,0,0.053,0.0279,RSU_03,82,79,BENIGN,0,0,0
5,63.0,73.0,0.8887,0.0237,0.8924,89.7,0,0.0615,0.009,RSU_03,127,110,BENIGN,0,0,0
5,64.0,74.0,0.866,0.0092,0.8699,94.8,0,0.0783,0.0497,RSU_03,149,130,BENIGN,0,0,0
5,65.0,75.0,0.7883,0.0362,0.7911,67.5,0,0.0655,0.0726,RSU_03,110,86,BENIGN,0,0,0
5,66.0,76.0,0.9849,0.0331,0.9886,86.9,0,0.0799,0.0588,RSU_03,70,67,BENIGN,0,0,0
5,67.0,77.0,0.7801,0.0202,0.784,94.5,0,0.0188,0.0875,RSU_03,65,50,BENIGN,0,0,0
5,68.0,78.0,0.9775,0.0096,0.9804,69.9,0,0.0076,0.0069,RSU_03,100,99,BENIGN,0,0,0
5,69.0,79.0,0.7928,0.0343,0.7957,68.5,0,0.0653,0.0985,RSU_03,143,115,BENIGN,0,0,0
5,70.0,80.0,0.8082,0.0126,0.8111,70.2,0,0.0095,0.0455,RSU_03,105,81,BENIGN,0,0,0
5,71.0,81.0,0.8792,0.0207,0.8822,73.6,1,0.0684,0.0732,RSU_03,57,53,BENIGN,0,0,0
5,72.0,82.0,0.8759,0.0394,0.879,74.4,1,0.0412,0.0742,RSU_03,118,101,BENIGN,0,0,0
5,73.0,83.0,0.9651,0.0069,0.9683,76.4,0,0.0277,0.097,RSU_03,128,124,BENIGN,0,0,0
5,74.0,84.0,0.8829,0.0142,0.8864,83.6,0,0.0223,0.0675,RSU_03,127,108,BENIGN,0,0,0
5,75.0,85.0,0.9693,0.0182,0.9724,75.2,0,0.0158,0.016,RSU_03,97,95,BENIGN,0,0,0
5,76.0,86.0,0.968,0.0031,0.9715,82.6,0,0.0744,0.0396,RSU_03,142,138,BENIGN,0,0,0
5,77.0,87.0,0.9894,0.0308,0.9927,81.2,0,0.0306,0.0557,RSU_03,86,84,BENIGN,0,0,0
5,78.0,88.0,0.8953,0.0362,0.8984,74.7,0,0.073,0.0055,RSU_03,57,49,BENIGN,0,0,0
5,79.0,89.0,0.8616,0.0235,0.8646,73.1,1,0.0463,0.0543,RSU_03,83,69,BENIGN,0,0,0
5,80.0,90.0,0.798,0.0119,0.8016,86.5,0,0.011,0.0467,RSU_03,65,52,BENIGN,0,0,0
5,81.0,91.0,0.7858,0.0222,0.7886,67.6,0,0.0136,0.0001,RSU_03,136,106,BENIGN,0,0,0
5,82.0,92.0,0.9084,0.0189,0.9115,74.2,0,0.0335,0.0887,RSU_03,74,67,BENIGN,0,0,0
5,83.0,93.0,0.9725,0.034,0.9752,66.4,0,0.0638,0.0987,RSU_03,119,113,BENIGN,0,0,0
5,84.0,94.0,0.9568,0.0378,0.9602,82.3,0,0.043,0.0007,RSU_03,51,49,BENIGN,0,0,0
5,85.0,95.0,0.8641,0.0367,0.8667,61.7,0,0.0287,0.0856,RSU_03,140,124,BENIGN,0,0,0
5,86.0,96.0,0.9287,0.0131,0.931,55.7,0,0.0082,0.0265,RSU_03,63,58,BENIGN,0,0,0
5,87.0,97.0,0.9804,0.0274,0.9834,71.4,0,0.0741,0.0784,RSU_03,122,117,BENIGN,0,0,0
5,88.0,98.0,0.9701,0.0181,0.9729,65.7,0,0.0007,0.0793,RSU_03,78,73,BENIGN,0,0,0
5,89.0,99.0,0.8936,0.0201,0.8976,95.5,0,0.0233,0.0305,RSU_03,129,115,BENIGN,0,0,0
5,90.0,100.0,0.8793,0.0186,0.8822,69.8,1,0.0523,0.0471,RSU_03,64,55,BENIGN,0,0,0
5,91.0,101.0,0.9248,0.0238,0.9285,86.9,0,0.0599,0.0151,RSU_03,144,133,BENIGN,0,0,0
5,92.0,102.0,0.9353,0.0312,0.9389,88.0,0,0.0318,0.0384,RSU_03,115,108,BENIGN,0,0,0
5,93.0,103.0,0.82,0.0266,0.8234,81.6,1,0.0079,0.0972,RSU_03,136,110,BENIGN,0,0,0
5,94.0,104.0,0.8345,0.034,0.8382,88.8,0,0.0156,0.0413,RSU_03,105,88,BENIGN,0,0,0
5,95.0,105.0,0.9428,0.0261,0.9463,86.0,0,0.0188,0.0146,RSU_03,112,102,BENIGN,0,0,0
5,96.0,106.0,0.8436,0.0043,0.8465,69.6,0,0.0438,0.0764,RSU_03,107,89,BENIGN,0,0,0
5,97.0,107.0,0.908,0.027,0.9112,78.4,0,0.0557,0.0729,RSU_03,115,104,BENIGN,0,0,0
5,98.0,108.0,0.9886,0.0277,0.992,81.9,0,0.0549,0.0515,RSU_03,136,133,BENIGN,0,0,0
5,99.0,109.0,0.9288,0.031,0.9319,73.9,0,0.01,0.0654,RSU_03,79,73,BENIGN,0,0,0
5,100.0,110.0,0.8419,0.0004,0.845,73.4,0,0.0507,0.0113,RSU_03,115,98,BENIGN,0,0,0
5,101.0,111.0,0.9691,0.0315,0.9726,85.2,0,0.0059,0.0407,RSU_03,83,79,BENIGN,0,0,0
5,102.0,112.0,0.9065,0.039,0.9097,76.2,0,0.075,0.0428,RSU_03,122,113,BENIGN,0,0,0
5,103.0,113.0,0.8712,0.0068,0.8745,78.1,0,0.0397,0.0663,RSU_03,99,85,BENIGN,0,0,0
5,104.0,114.0,0.9772,0.0247,0.9804,75.6,0,0.0705,0.0131,RSU_03,129,126,BENIGN,0,0,0
5,105.0,115.0,0.903,0.0121,0.9062,77.8,0,0.051,0.0367,RSU_03,136,120,BENIGN,0,0,0
5,106.0,116.0,0.958,0.0155,0.9609,69.8,0,0.0429,0.0649,RSU_03,84,81,BENIGN,0,0,0
5,107.0,117.0,0.8397,0.0025,0.8429,77.8,0,0.0243,0.0321,RSU_03,146,118,BENIGN,0,0,0
5,108.0,118.0,0.8024,0.0326,0.8061,90.5,1,0.0499,0.0191,RSU_03,90,73,BENIGN,0,0,0
5,109.0,119.0,0.9053,0.0287,0.909,89.3,1,0.0782,0.0807,RSU_03,77,69,BENIGN,0,0,0
5,110.0,120.0,0.9522,0.0361,0.9559,87.5,0,0.0079,0.0105,RSU_03,129,124,BENIGN,0,0,0
5,111.0,121.0,0.9211,0.0001,0.9248,89.3,1,0.0088,0.0351,RSU_03,58,52,BENIGN,0,0,0
5,112.0,122.0,0.8187,0.0113,0.8217,73.2,0,0.0413,0.0735,RSU_03,59,49,BENIGN,0,0,0
5,113.0,123.0,0.9772,0.0397,0.9806,83.1,0,0.0421,0.0288,RSU_03,129,125,BENIGN,0,0,0
5,114.0,124.0,0.8711,0.0081,0.8742,75.7,0,0.0521,0.0733,RSU_03,62,52,BENIGN,0,0,0
5,115.0,125.0,0.9403,0.0285,0.9433,72.4,0,0.053,0.0006,RSU_03,64,58,BENIGN,0,0,0
5,116.0,126.0,0.8662,0.003,0.8692,73.8,1,0.06,0.0788,RSU_03,107,90,BENIGN,0,0,0
5,117.0,127.0,0.8479,0.0191,0.8515,86.2,0,0.041,0.0401,RSU_03,142,121,BENIGN,0,0,0
5,118.0,128.0,0.9246,0.0056,0.9277,72.8,0,0.0287,0.0906,RSU_03,106,99,BENIGN,0,0,0
5,119.0,129.0,0.895,0.0134,0.8982,76.5,0,0.0504,0.0069,RSU_03,64,56,BENIGN,0,0,0
5,120.0,130.0,0.8099,0.027,0.8129,74.0,0,0.0313,0.04,RSU_03,126,102,BENIGN,0,0,0
5,121.0,131.0,0.9045,0.0304,0.9084,93.9,0,0.0486,0.0616,RSU_03,128,115,BENIGN,0,0,0
5,122.0,132.0,0.7981,0.0144,0.8014,78.5,0,0.033,0.0835,RSU_03,101,81,BENIGN,0,0,0
5,123.0,133.0,0.7866,0.0173,0.7902,87.0,0,0.0564,0.0454,RSU_03,95,74,BENIGN,0,0,0
5,124.0,134.0,0.8122,0.0158,0.8151,70.2,0,0.0525,0.0828,RSU_03,129,106,BENIGN,0,0,0
5,125.0,135.0,0.8255,0.0346,0.8286,72.7,1,0.0686,0.0952,RSU_03,57,49,BENIGN,0,0,0
5,126.0,136.0,0.9152,0.0308,0.9192,96.5,0,0.0288,0.0179,RSU_03,70,65,BENIGN,0,0,0
5,127.0,137.0,0.9678,0.0336,0.9711,77.5,0,0.0202,0.0134,RSU_03,69,65,BENIGN,0,0,0
5,128.0,138.0,0.9566,0.0158,0.9599,80.0,0,0.0719,0.0261,RSU_03,89,86,BENIGN,0,0,0
5,129.0,139.0,0.9006,0.0089,0.9043,87.5,0,0.0323,0.0976,RSU_03,110,99,BENIGN,0,0,0
5,130.0,140.0,0.8701,0.0281,0.8733,77.5,0,0.0681,0.0507,RSU_03,98,88,BENIGN,0,0,0
5,131.0,141.0,0.8464,0.032,0.8494,71.4,0,0.0572,0.0791,RSU_03,143,120,BENIGN,0,0,0
5,132.0,142.0,0.9116,0.0309,0.9152,86.2,0,0.0217,0.0741,RSU_03,127,116,BENIGN,0,0,0
5,133.0,143.0,0.8439,0.0296,0.847,75.5,0,0.037,0.0598,RSU_03,91,78,BENIGN,0,0,0
5,134.0,144.0,0.9098,0.0339,0.913,76.7,1,0.0017,0.0066,RSU_03,95,85,BENIGN,0,0,0
5,135.0,145.0,0.8287,0.016,0.8318,74.0,0,0.018,0.0353,RSU_03,122,102,BENIGN,0,0,0
5,136.0,146.0,0.8802,0.0374,0.8833,73.8,0,0.0231,0.0726,RSU_03,123,108,BENIGN,0,0,0
5,137.0,147.0,0.9226,0.0058,0.926,81.5,0,0.0206,0.0586,RSU_03,81,74,BENIGN,0,0,0
5,138.0,148.0,0.8823,0.0002,0.8848,60.8,0,0.052,0.0422,RSU_03,84,74,BENIGN,0,0,0
5,139.0,149.0,0.9764,0.0173,0.9797,78.5,0,0.0034,0.0139,RSU_03,57,55,BENIGN,0,0,0
5,140.0,150.0,0.8577,0.0322,0.8606,69.6,0,0.0256,0.0458,RSU_03,122,105,BENIGN,0,0,0
5,141.0,151.0,0.8662,0.0202,0.87,90.8,0,0.0774,0.0662,RSU_03,140,120,BENIGN,0,0,0
5,142.0,152.0,0.8477,0.0387,0.851,79.1,0,0.0078,0.0903,RSU_03,94,77,BENIGN,0,0,0
5,143.0,153.0,0.8034,0.0185,0.8069,82.7,0,0.0145,0.0745,RSU_03,61,47,BENIGN,0,0,0
5,144.0,154.0,0.9634,0.0204,0.9664,73.9,0,0.0047,0.0563,RSU_03,129,123,BENIGN,0,0,0
5,145.0,155.0,0.8935,0.01,0.897,84.4,0,0.0266,0.0966,RSU_03,74,64,BENIGN,0,0,0
5,146.0,156.0,0.8781,0.0379,0.8815,81.0,1,0.0335,0.0863,RSU_03,75,67,BENIGN,0,0,0
5,147.0,157.0,0.882,0.0256,0.8857,88.9,0,0.0002,0.0253,RSU_03,77,68,BENIGN,0,0,0
5,148.0,158.0,0.9834,0.0267,0.9867,77.5,0,0.0341,0.0988,RSU_03,65,62,BENIGN,0,0,0
5,149.0,159.0,0.9306,0.004,0.9346,97.0,1,0.0112,0.016,RSU_03,142,131,BENIGN,0,0,0
5,150.0,160.0,0.8415,0.0248,0.8452,88.5,0,0.0328,0.0145,RSU_03,118,101,BENIGN,0,0,0
5,151.0,161.0,0.9186,0.0252,0.9219,77.7,0,0.0335,0.0396,RSU_03,119,108,BENIGN,0,0,0
5,152.0,162.0,0.9807,0.0165,0.984,80.2,0,0.0656,0.0543,RSU_03,101,101,BENIGN,0,0,0
5,153.0,163.0,0.9438,0.0315,0.9472,80.5,0,0.0128,0.0358,RSU_03,73,67,BENIGN,0,0,0
5,154.0,164.0,0.8977,0.0175,0.9013,85.7,0,0.0229,0.0095,RSU_03,139,121,BENIGN,0,0,0
5,155.0,165.0,0.783,0.0008,0.7864,81.9,0,0.049,0.0022,RSU_03,149,119,BENIGN,0,0,0
5,156.0,166.0,0.8934,0.0032,0.8969,84.3,0,0.0613,0.0585,RSU_03,58,50,BENIGN,0,0,0
5,157.0,167.0,0.9725,0.0368,0.9759,80.9,0,0.0062,0.0121,RSU_03,148,146,BENIGN,0,0,0
5,158.0,168.0,0.8355,0.0291,0.8383,66.8,0,0.067,0.0784,RSU_03,77,64,BENIGN,0,0,0
5,159.0,169.0,0.8151,0.0181,0.818,67.4,0,0.0409,0.0532,RSU_03,131,103,BENIGN,0,0,0
5,160.0,170.0,0.9474,0.0128,0.9502,67.1,0,0.0516,0.0147,RSU_03,84,79,BENIGN,0,0,0
5,161.0,171.0,0.9813,0.0196,0.9852,93.4,0,0.0449,0.0416,RSU_03,57,57,BENIGN,0,0,0
5,162.0,172.0,0.9674,0.0021,0.9712,90.7,0,0.0422,0.0107,RSU_03,70,66,BENIGN,0,0,0
5,163.0,173.0,0.7935,0.0167,0.7968,79.6,0,0.0539,0.0133,RSU_03,82,66,BENIGN,0,0,0
5,164.0,174.0,0.9537,0.039,0.9571,81.1,0,0.0676,0.0855,RSU_03,107,100,BENIGN,0,0,0
5,165.0,175.0,0.8182,0.0022,0.8207,59.4,0,0.0758,0.0004,RSU_03,147,121,BENIGN,0,0,0
5,166.0,176.0,0.9518,0.0098,0.9548,72.5,0,0.0617,0.0804,RSU_03,74,72,BENIGN,0,0,0
5,167.0,177.0,0.833,0.0181,0.836,73.5,0,0.0511,0.0877,RSU_03,102,87,BENIGN,0,0,0
5,168.0,178.0,0.7967,0.0178,0.8003,87.2,0,0.0628,0.0031,RSU_03,108,85,BENIGN,0,0,0
5,169.0,179.0,0.8386,0.0176,0.8421,85.3,0,0.0286,0.0736,RSU_03,114,95,BENIGN,0,0,0
5,170.0,180.0,0.8705,0.0394,0.874,85.1,0,0.0173,0.0714,RSU_03,103,90,BENIGN,0,0,0
5,171.0,181.0,0.9753,0.0293,0.9786,78.8,0,0.0621,0.0067,RSU_03,70,70,BENIGN,0,0,0
5,172.0,182.0,0.8575,0.02,0.8602,63.5,1,0.0169,0.0173,RSU_03,100,87,BENIGN,0,0,0
5,173.0,183.0,0.9691,0.0189,0.9719,67.8,0,0.0686,0.0927,RSU_03,59,58,BENIGN,0,0,0
5,174.0,184.0,0.8694,0.0131,0.8727,79.2,0,0.0513,0.0002,RSU_03,146,125,BENIGN,0,0,0
5,175.0,185.0,0.83,0.0094,0.8334,80.9,1,0.0797,0.0005,RSU_03,113,93,BENIGN,0,0,0
5,176.0,186.0,0.9812,0.0357,0.9847,82.7,0,0.0347,0.0573,RSU_03,146,144,BENIGN,0,0,0
5,177.0,187.0,0.8434,0.0149,0.8467,79.3,0,0.0132,0.0209,RSU_03,115,97,BENIGN,0,0,0
5,178.0,188.0,0.8584,0.0395,0.8612,67.0,0,0.0683,0.0388,RSU_03,141,121,BENIGN,0,0,0
5,179.0,189.0,0.862,0.0272,0.8657,89.9,0,0.0237,0.0266,RSU_03,107,89,BENIGN,0,0,0
5,180.0,190.0,0.972,0.0102,0.9753,79.3,0,0.0321,0.0643,RSU_03,101,98,BENIGN,0,0,0
5,181.0,191.0,0.7984,0.0198,0.8016,76.5,0,0.0745,0.0897,RSU_03,83,69,BENIGN,0,0,0
5,182.0,192.0,0.7936,0.0202,0.7976,94.8,0,0.0481,0.0006,RSU_03,59,47,BENIGN,0,0,0
5,183.0,193.0,0.8417,0.011,0.8448,74.9,0,0.0695,0.0145,RSU_03,99,81,BENIGN,0,0,0
5,184.0,194.0,0.8706,0.0008,0.8739,80.7,0,0.0517,0.0632,RSU_03,61,54,BENIGN,0,0,0
5,185.0,195.0,0.8768,0.0184,0.8804,86.4,0,0.0649,0.0825,RSU_03,125,109,BENIGN,0,0,0
5,186.0,196.0,0.9228,0.0281,0.9259,74.6,0,0.0772,0.0454,RSU_03,113,103,BENIGN,0,0,0
5,187.0,197.0,0.8944,0.038,0.8973,70.2,0,0.0293,0.098,RSU_03,104,93,BENIGN,0,0,0
5,188.0,198.0,0.8751,0.0009,0.8782,73.9,1,0.0356,0.0988,RSU_03,117,101,BENIGN,0,0,0
5,189.0,199.0,0.8401,0.0358,0.8433,75.9,0,0.0145,0.0459,RSU_03,108,91,BENIGN,0,0,0
5,190.0,200.0,0.8593,0.0317,0.863,89.9,0,0.0422,0.0402,RSU_03,52,44,BENIGN,0,0,0
5,191.0,201.0,0.8287,0.0006,0.8323,87.7,0,0.0523,0.0493,RSU_03,128,106,BENIGN,0,0,0
5,192.0,202.0,0.8801,0.0349,0.8825,57.7,0,0.0034,0.0978,RSU_03,149,131,BENIGN,0,0,0
5,193.0,203.0,0.8381,0.002,0.8408,66.2,0,0.038,0.0057,RSU_03,121,103,BENIGN,0,0,0
5,194.0,204.0,0.9845,0.0278,0.9874,70.0,0,0.0393,0.0777,RSU_03,123,120,BENIGN,0,0,0
5,195.0,205.0,0.8432,0.0376,0.8465,78.3,0,0.0225,0.0927,RSU_03,146,123,BENIGN,0,0,0
5,196.0,206.0,0.8956,0.0278,0.899,80.9,0,0.0775,0.0783,RSU_03,72,64,BENIGN,0,0,0
5,197.0,207.0,0.818,0.0103,0.8211,74.9,0,0.071,0.0327,RSU_03,106,86,BENIGN,0,0,0
5,198.0,208.0,0.8657,0.0358,0.8688,74.0,0,0.026,0.0379,RSU_03,128,110,BENIGN,0,0,0
5,199.0,209.0,0.9471,0.0163,0.9506,85.5,0,0.0657,0.0509,RSU_03,77,74,BENIGN,0,0,0
5,200.0,210.0,0.8187,0.0025,0.8217,71.5,1,0.0711,0.0931,RSU_03,108,86,BENIGN,0,0,0
5,201.0,211.0,0.8863,0.0027,0.8895,76.7,0,0.0113,0.0309,RSU_03,54,48,BENIGN,0,0,0
5,202.0,212.0,0.8358,0.0398,0.839,76.6,0,0.0188,0.0239,RSU_03,118,98,BENIGN,0,0,0
5,203.0,213.0,0.8514,0.0079,0.8546,77.1,0,0.0264,0.0609,RSU_03,86,75,BENIGN,0,0,0
5,204.0,214.0,0.853,0.0182,0.8559,70.5,0,0.0446,0.0686,RSU_03,73,63,BENIGN,0,0,0
5,205.0,215.0,0.9847,0.0266,0.9882,83.7,0,0.0362,0.0158,RSU_03,103,102,BENIGN,0,0,0
5,206.0,216.0,0.9312,0.0077,0.9344,77.6,0,0.0657,0.0326,RSU_03,94,85,BENIGN,0,0,0
5,207.0,217.0,0.8611,0.0122,0.8646,84.4,0,0.0476,0.0333,RSU_03,122,107,BENIGN,0,0,0
5,208.0,218.0,0.8265,0.0156,0.8295,70.8,0,0.0413,0.0507,RSU_03,125,103,BENIGN,0,0,0
5,209.0,219.0,0.9492,0.0151,0.952,69.3,0,0.0597,0.0884,RSU_03,126,117,BENIGN,0,0,0
5,210.0,220.0,0.9857,0.0172,0.9892,85.2,0,0.0054,0.0461,RSU_03,54,54,BENIGN,0,0,0
5,211.0,221.0,0.9239,0.0329,0.9275,85.2,0,0.0336,0.09,RSU_03,57,49,BENIGN,0,0,0
5,212.0,222.0,0.8427,0.0122,0.8462,82.3,0,0.0649,0.0832,RSU_03,82,69,BENIGN,0,0,0
5,213.0,223.0,0.9897,0.0064,0.9927,71.2,0,0.0758,0.0824,RSU_03,147,146,BENIGN,0,0,0
5,214.0,224.0,0.9322,0.0258,0.9353,75.5,1,0.0142,0.0791,RSU_03,79,72,BENIGN,0,0,0
5,215.0,225.0,0.8353,0.0149,0.8385,77.8,1,0.0681,0.0793,RSU_03,94,76,BENIGN,0,0,0
5,216.0,226.0,0.9324,0.0273,0.9359,83.7,0,0.0495,0.0618,RSU_03,118,113,BENIGN,0,0,0
5,217.0,227.0,0.9656,0.0137,0.9693,87.4,0,0.01,0.06,RSU_03,87,83,BENIGN,0,0,0
5,218.0,228.0,0.8447,0.0084,0.848,77.4,0,0.031,0.0607,RSU_03,115,99,BENIGN,0,0,0
5,219.0,229.0,0.9756,0.0047,0.979,81.3,0,0.0049,0.0311,RSU_03,63,61,BENIGN,0,0,0
5,220.0,230.0,0.9365,0.0389,0.9405,95.3,0,0.0703,0.0118,RSU_03,83,83,BENIGN,0,0,0
5,221.0,231.0,0.8962,0.0091,0.8993,73.8,0,0.057,0.0733,RSU_03,52,45,BENIGN,0,0,0
5,222.0,232.0,0.853,0.0101,0.8566,86.8,0,0.0195,0.01,RSU_03,131,111,BENIGN,0,0,0
5,223.0,233.0,0.9441,0.0016,0.9473,77.6,1,0.0247,0.0573,RSU_03,90,83,BENIGN,0,0,0
5,224.0,234.0,0.9845,0.0139,0.9875,71.8,0,0.0031,0.0037,RSU_03,125,121,BENIGN,0,0,0
5,225.0,235.0,0.9706,0.0354,0.9744,91.3,0,0.0631,0.0475,RSU_03,80,78,BENIGN,0,0,0
5,226.0,236.0,0.8191,0.0262,0.8228,88.9,0,0.0365,0.062,RSU_03,73,67,BENIGN,0,0,0
5,227.0,237.0,0.8825,0.009,0.8853,68.4,0,0.0033,0.0676,RSU_03,71,62,BENIGN,0,0,0
5,228.0,238.0,0.9181,0.011,0.9214,79.8,0,0.0656,0.0308,RSU_03,148,136,BENIGN,0,0,0
5,229.0,239.0,0.8531,0.0295,0.8568,88.4,1,0.0524,0.0194,RSU_03,85,73,BENIGN,0,0,0
5,230.0,240.0,0.8449,0.0083,0.8485,85.2,0,0.0327,0.0196,RSU_03,146,120,BENIGN,0,0,0
5,231.0,241.0,0.9135,0.0274,0.9162,64.1,0,0.0374,0.0056,RSU_03,141,126,BENIGN,0,0,0
5,232.0,242.0,0.8746,0.0129,0.8779,79.2,0,0.0062,0.0456,RSU_03,131,115,BENIGN,0,0,0
5,233.0,243.0,0.8257,0.0073,0.829,80.0,0,0.0618,0.0255,RSU_03,69,56,BENIGN,0,0,0
5,234.0,244.0,0.9099,0.0162,0.9127,68.4,0,0.0428,0.0954,RSU_03,61,52,BENIGN,0,0,0
5,235.0,245.0,0.9175,0.0031,0.9208,77.7,1,0.0046,0.0485,RSU_03,145,130,BENIGN,0,0,0
5,236.0,246.0,0.8917,0.015,0.8944,64.5,0,0.0309,0.0195,RSU_03,101,88,BENIGN,0,0,0
5,237.0,247.0,0.8454,0.0203,0.8481,66.3,0,0.0047,0.0154,RSU_03,144,120,BENIGN,0,0,0
5,238.0,248.0,0.793,0.0296,0.7961,73.9,0,0.06,0.0651,RSU_03,123,97,BENIGN,0,0,0
5,239.0,249.0,0.8513,0.0377,0.8547,81.5,1,0.0402,0.0967,RSU_03,58,48,BENIGN,0,0,0
5,240.0,250.0,0.7965,0.007,0.7996,73.8,0,0.0207,0.0749,RSU_03,66,52,BENIGN,0,0,0
5,241.0,251.0,0.8032,0.0041,0.8065,78.9,0,0.0601,0.0312,RSU_03,121,96,BENIGN,0,0,0
5,242.0,252.0,0.8748,0.0308,0.8781,78.1,0,0.061,0.0516,RSU_03,142,121,BENIGN,0,0,0
5,243.0,253.0,0.9105,0.0019,0.9135,72.6,0,0.0486,0.0374,RSU_03,124,111,BENIGN,0,0,0
5,244.0,254.0,0.9136,0.03,0.917,81.5,1,0.0199,0.0465,RSU_03,146,136,BENIGN,0,0,0
5,245.0,255.0,0.8973,0.038,0.9003,71.7,0,0.0487,0.0303,RSU_03,113,99,BENIGN,0,0,0
5,246.0,256.0,0.9133,0.0172,0.917,90.2,0,0.0015,0.054,RSU_03,148,138,BENIGN,0,0,0
5,247.0,257.0,0.9338,0.0046,0.9372,81.9,1,0.0219,0.0571,RSU_03,109,101,BENIGN,0,0,0
5,248.0,258.0,0.9716,0.0181,0.9751,84.1,0,0.018,0.0162,RSU_03,89,89,BENIGN,0,0,0
5,249.0,259.0,0.9045,0.0305,0.9073,67.7,0,0.0266,0.0578,RSU_03,59,54,BENIGN,0,0,0
5,250.0,260.0,0.9855,0.0312,0.9888,78.1,0,0.0016,0.0543,RSU_03,58,58,BENIGN,0,0,0
5,251.0,261.0,0.9078,0.0209,0.9111,81.0,0,0.0415,0.0386,RSU_03,96,87,BENIGN,0,0,0
5,252.0,262.0,0.96,0.0345,0.9635,84.4,0,0.0415,0.0347,RSU_03,113,108,BENIGN,0,0,0
5,253.0,263.0,0.9888,0.0019,0.9918,73.1,0,0.0557,0.0841,RSU_03,114,112,BENIGN,0,0,0
5,254.0,264.0,0.7992,0.0385,0.8031,93.4,0,0.0346,0.0665,RSU_03,103,83,BENIGN,0,0,0
5,255.0,265.0,0.9347,0.0189,0.9379,75.9,0,0.0489,0.0107,RSU_03,106,99,BENIGN,0,0,0
5,256.0,266.0,0.9636,0.029,0.967,80.3,0,0.02,0.0888,RSU_03,107,101,BENIGN,0,0,0
5,257.0,267.0,0.9755,0.031,0.9784,70.4,0,0.0753,0.0302,RSU_03,136,133,BENIGN,0,0,0
5,258.0,268.0,0.9237,0.0115,0.9266,69.6,0,0.0022,0.02,RSU_03,89,82,BENIGN,0,0,0
5,259.0,269.0,0.982,0.0306,0.9851,76.2,0,0.0256,0.0952,RSU_03,114,111,BENIGN,0,0,0
5,260.0,270.0,0.8289,0.0155,0.8317,65.8,0,0.0422,0.0528,RSU_03,126,99,BENIGN,0,0,0
5,261.0,271.0,0.982,0.0154,0.9858,90.5,0,0.0721,0.0821,RSU_03,113,109,BENIGN,0,0,0
5,262.0,272.0,0.8025,0.0225,0.8056,74.4,0,0.0264,0.043,RSU_03,111,89,BENIGN,0,0,0
5,263.0,273.0,0.9045,0.0064,0.9078,78.9,0,0.0152,0.0716,RSU_03,55,51,BENIGN,0,0,0
5,264.0,274.0,0.9375,0.0184,0.9404,70.2,0,0.0131,0.0252,RSU_03,86,80,BENIGN,0,0,0
5,265.0,275.0,0.7931,0.0161,0.7964,80.7,0,0.0331,0.0334,RSU_03,105,81,BENIGN,0,0,0
5,266.0,276.0,0.814,0.0248,0.817,71.8,0,0.0404,0.0305,RSU_03,122,95,BENIGN,0,0,0
5,267.0,277.0,0.9485,0.0389,0.9514,70.1,0,0.0503,0.0874,RSU_03,50,50,BENIGN,0,0,0
5,268.0,278.0,0.8917,0.0299,0.8945,67.8,1,0.033,0.067,RSU_03,98,87,BENIGN,0,0,0
5,269.0,279.0,0.8535,0.0258,0.8562,65.7,0,0.0093,0.0093,RSU_03,116,97,BENIGN,0,0,0
5,270.0,280.0,0.8663,0.0316,0.8689,61.8,0,0.0712,0.0703,RSU_03,55,50,BENIGN,0,0,0
5,271.0,281.0,0.8211,0.031,0.8241,70.4,0,0.0519,0.0612,RSU_03,116,96,BENIGN,0,0,0
5,272.0,282.0,0.9137,0.0317,0.9169,77.0,0,0.023,0.077,RSU_03,94,82,BENIGN,0,0,0
5,273.0,283.0,0.8177,0.027,0.8208,75.5,0,0.0461,0.0173,RSU_03,56,49,BENIGN,0,0,0
5,274.0,284.0,0.9855,0.0287,0.9886,75.9,0,0.02,0.0591,RSU_03,103,102,BENIGN,0,0,0
5,275.0,285.0,0.8244,0.0256,0.8279,83.5,0,0.0032,0.0069,RSU_03,121,101,BENIGN,0,0,0
5,276.0,286.0,0.8598,0.0018,0.8631,80.1,0,0.0571,0.093,RSU_03,121,103,BENIGN,0,0,0
5,277.0,287.0,0.9259,0.0092,0.9287,68.0,1,0.0687,0.0466,RSU_03,103,96,BENIGN,0,0,0
5,278.0,288.0,0.9771,0.0393,0.9806,85.9,0,0.0758,0.0824,RSU_03,120,118,BENIGN,0,0,0
5,279.0,289.0,0.7812,0.0055,0.7843,73.8,0,0.0351,0.0147,RSU_03,140,109,BENIGN,0,0,0
5,280.0,290.0,0.9785,0.0399,0.9821,85.4,0,0.0781,0.041,RSU_03,75,72,BENIGN,0,0,0
5,281.0,291.0,0.8921,0.0318,0.8952,73.2,0,0.0221,0.0508,RSU_03,106,96,BENIGN,0,0,0
5,282.0,292.0,0.8313,0.0076,0.8349,86.5,0,0.0693,0.0725,RSU_03,71,60,BENIGN,0,0,0
5,283.0,293.0,0.8917,0.0113,0.8947,71.8,0,0.0077,0.0467,RSU_03,109,101,BENIGN,0,0,0
5,284.0,294.0,0.7864,0.005,0.7897,78.7,0,0.0111,0.0183,RSU_03,130,101,BENIGN,0,0,0
5,285.0,295.0,0.8426,0.0319,0.8455,70.5,1,0.0292,0.016,RSU_03,90,75,BENIGN,0,0,0
5,286.0,296.0,0.863,0.0004,0.8661,75.9,0,0.0539,0.0712,RSU_03,112,96,BENIGN,0,0,0
5,287.0,297.0,0.9271,0.0233,0.9306,82.8,0,0.0065,0.0643,RSU_03,118,105,BENIGN,0,0,0
5,288.0,298.0,0.8168,0.0362,0.8204,86.9,0,0.0353,0.0724,RSU_03,131,106,BENIGN,0,0,0
5,289.0,299.0,0.8285,0.0103,0.831,59.4,0,0.0289,0.0859,RSU_03,143,118,BENIGN,0,0,0
5,290.0,300.0,0.9838,0.0239,0.9873,83.3,0,0.0006,0.0034,RSU_03,64,62,BENIGN,0,0,0
5,291.0,301.0,0.9835,0.0254,0.987,84.2,0,0.0554,0.0218,RSU_03,139,135,BENIGN,0,0,0
5,292.0,302.0,0.8064,0.0039,0.81,86.4,0,0.0643,0.0866,RSU_03,108,87,BENIGN,0,0,0
5,293.0,303.0,0.8301,0.0195,0.8339,91.0,0,0.0173,0.0484,RSU_03,145,117,BENIGN,0,0,0
5,294.0,304.0,0.9738,0.0379,0.977,75.4,0,0.0547,0.0211,RSU_03,53,53,BENIGN,0,0,0
5,295.0,305.0,0.9188,0.001,0.9225,88.9,0,0.02,0.0436,RSU_03,113,103,BENIGN,0,0,0
5,296.0,306.0,0.9517,0.0039,0.9552,83.8,0,0.0544,0.0293,RSU_03,129,121,BENIGN,0,0,0
5,297.0,307.0,0.7843,0.0004,0.7882,93.1,0,0.0616,0.0646,RSU_03,79,59,BENIGN,0,0,0
5,298.0,308.0,0.8691,0.0334,0.8723,74.9,0,0.0384,0.0586,RSU_03,137,119,BENIGN,0,0,0
5,299.0,309.0,0.8225,0.0143,0.8262,88.5,0,0.0784,0.0983,RSU_03,72,57,BENIGN,0,0,0
5,300.0,310.0,0.8726,0.0248,0.8759,78.6,0,0.072,0.033,RSU_03,134,116,BENIGN,0,0,0
5,301.0,311.0,0.9683,0.0097,0.9714,73.9,0,0.0565,0.0302,RSU_03,54,52,BENIGN,0,0,0
5,302.0,312.0,0.9096,0.036,0.9134,89.4,0,0.0632,0.0194,RSU_03,123,112,BENIGN,0,0,0
5,303.0,313.0,0.8069,0.0228,0.8108,93.1,0,0.0394,0.0518,RSU_03,137,110,BENIGN,0,0,0
5,304.0,314.0,0.8882,0.0208,0.8915,78.7,0,0.076,0.0649,RSU_03,77,70,BENIGN,0,0,0
5,305.0,315.0,0.9029,0.0071,0.907,97.6,0,0.0027,0.0338,RSU_03,92,84,BENIGN,0,0,0
5,306.0,316.0,0.792,0.0193,0.7955,84.9,0,0.0151,0.0937,RSU_03,51,39,BENIGN,0,0,0
5,307.0,317.0,0.7996,0.0121,0.8031,85.4,0,0.0398,0.0185,RSU_03,96,76,BENIGN,0,0,0
5,308.0,318.0,0.9572,0.0287,0.9608,84.9,0,0.008,0.0625,RSU_03,61,55,BENIGN,0,0,0
5,309.0,319.0,0.9094,0.0225,0.9125,73.8,0,0.0141,0.099,RSU_03,92,82,BENIGN,0,0,0
5,310.0,320.0,0.9793,0.0178,0.9827,82.2,0,0.0349,0.05,RSU_03,119,116,BENIGN,0,0,0
5,311.0,321.0,0.8724,0.0204,0.876,87.2,1,0.0486,0.0276,RSU_03,92,79,BENIGN,0,0,0
5,312.0,322.0,0.9349,0.0137,0.9389,95.4,0,0.08,0.0849,RSU_03,76,70,BENIGN,0,0,0
5,313.0,323.0,0.9587,0.0311,0.9618,74.8,0,0.0681,0.0272,RSU_03,109,102,BENIGN,0,0,0
5,314.0,324.0,0.81,0.0267,0.8132,74.9,0,0.0518,0.081,RSU_03,63,50,BENIGN,0,0,0
5,315.0,325.0,0.8686,0.0292,0.872,83.2,0,0.0579,0.0631,RSU_03,129,113,BENIGN,0,0,0
5,316.0,326.0,0.8357,0.0154,0.8386,71.4,0,0.0014,0.0383,RSU_03,130,108,BENIGN,0,0,0
5,317.0,327.0,0.8412,0.0191,0.8444,77.6,0,0.0324,0.0932,RSU_03,54,45,BENIGN,0,0,0
5,318.0,328.0,0.8173,0.0213,0.8209,86.5,0,0.0035,0.0499,RSU_03,62,51,BENIGN,0,0,0
5,319.0,329.0,0.9175,0.0115,0.9218,103.1,0,0.0193,0.0128,RSU_03,125,118,BENIGN,0,0,0
5,320.0,330.0,0.9402,0.0257,0.9438,86.9,1,0.0771,0.0587,RSU_03,80,78,BENIGN,0,0,0
5,321.0,331.0,0.9286,0.008,0.9316,70.5,0,0.0127,0.0077,RSU_03,141,130,BENIGN,0,0,0
5,322.0,332.0,0.8669,0.0286,0.8699,74.0,0,0.0696,0.0183,RSU_03,118,99,BENIGN,0,0,0
5,323.0,333.0,0.9266,0.0293,0.9296,70.1,1,0.0369,0.0677,RSU_03,103,95,BENIGN,0,0,0
5,324.0,334.0,0.8219,0.0107,0.8257,89.8,0,0.0352,0.0446,RSU_03,127,107,BENIGN,0,0,0
5,325.0,335.0,0.8251,0.0293,0.8281,71.2,0,0.0376,0.0709,RSU_03,91,74,BENIGN,0,0,0
5,326.0,336.0,0.9763,0.0333,0.9799,86.4,0,0.0793,0.0623,RSU_03,127,124,BENIGN,0,0,0
5,327.0,337.0,0.9677,0.0022,0.9705,66.3,0,0.0473,0.0372,RSU_03,88,85,BENIGN,0,0,0
5,328.0,338.0,0.8657,0.0141,0.8685,67.3,0,0.0082,0.0543,RSU_03,80,70,BENIGN,0,0,0
5,329.0,339.0,0.791,0.0397,0.7939,69.4,0,0.0406,0.0024,RSU_03,104,84,BENIGN,0,0,0
5,330.0,340.0,0.8093,0.0263,0.8127,82.4,0,0.0613,0.0572,RSU_03,139,113,BENIGN,0,0,0
5,331.0,341.0,0.9113,0.0001,0.9143,72.1,0,0.0283,0.0858,RSU_03,52,45,BENIGN,0,0,0
5,332.0,342.0,0.8312,0.0326,0.8354,101.9,0,0.0085,0.0487,RSU_03,113,95,BENIGN,0,0,0
5,333.0,343.0,0.9359,0.0094,0.9393,80.0,0,0.0235,0.057,RSU_03,148,136,BENIGN,0,0,0
5,334.0,344.0,0.8431,0.0023,0.8467,86.3,1,0.0297,0.0981,RSU_03,60,51,BENIGN,0,0,0
5,335.0,345.0,0.8214,0.0052,0.8247,78.6,0,0.027,0.0771,RSU_03,60,49,BENIGN,0,0,0
5,336.0,346.0,0.9168,0.0058,0.9201,80.3,0,0.0476,0.0131,RSU_03,90,83,BENIGN,0,0,0
5,337.0,347.0,0.7872,0.0319,0.7911,93.2,1,0.0581,0.0082,RSU_03,62,52,BENIGN,0,0,0
5,338.0,348.0,0.8333,0.0195,0.8367,81.6,0,0.0189,0.0623,RSU_03,61,51,BENIGN,0,0,0
5,339.0,349.0,0.9647,0.0296,0.968,79.2,0,0.0369,0.0984,RSU_03,95,95,BENIGN,0,0,0
5,340.0,350.0,0.8857,0.0223,0.8891,80.0,0,0.0192,0.0557,RSU_03,125,109,BENIGN,0,0,0
5,341.0,351.0,0.9523,0.029,0.9554,73.9,0,0.0697,0.017,RSU_03,57,51,BENIGN,0,0,0
5,342.0,352.0,0.9813,0.0015,0.9848,83.5,0,0.0741,0.0181,RSU_03,141,138,BENIGN,0,0,0
5,343.0,353.0,0.86,0.0267,0.8631,74.5,0,0.078,0.0606,RSU_03,122,102,BENIGN,0,0,0
5,344.0,354.0,0.966,0.0155,0.9694,81.4,0,0.0544,0.0228,RSU_03,75,70,BENIGN,0,0,0
5,345.0,355.0,0.7904,0.0335,0.7933,67.8,0,0.0051,0.0887,RSU_03,62,47,BENIGN,0,0,0
5,346.0,356.0,0.8832,0.023,0.8865,80.5,0,0.023,0.0663,RSU_03,100,86,BENIGN,0,0,0
5,347.0,357.0,0.8627,0.0339,0.8663,87.6,0,0.0736,0.0537,RSU_03,71,60,BENIGN,0,0,0
5,348.0,358.0,0.9739,0.0255,0.9772,78.6,0,0.0761,0.0092,RSU_03,56,53,BENIGN,0,0,0
5,349.0,359.0,0.7908,0.0088,0.7943,83.0,0,0.0196,0.0338,RSU_03,54,42,BENIGN,0,0,0
5,350.0,360.0,0.7941,0.0022,0.7974,79.9,0,0.0469,0.0887,RSU_03,102,82,BENIGN,0,0,0
5,351.0,361.0,0.8224,0.0263,0.8258,81.1,1,0.0355,0.0291,RSU_03,91,75,BENIGN,0,0,0
5,352.0,362.0,0.8387,0.0215,0.8423,86.5,1,0.0559,0.0631,RSU_03,144,120,BENIGN,0,0,0
5,353.0,363.0,0.8747,0.0277,0.8781,81.8,0,0.067,0.096,RSU_03,110,99,BENIGN,0,0,0
5,354.0,364.0,0.8128,0.0022,0.816,76.7,1,0.0321,0.0337,RSU_03,113,91,BENIGN,0,0,0
5,355.0,365.0,0.8383,0.0381,0.8424,98.5,0,0.0069,0.0939,RSU_03,81,69,BENIGN,0,0,0
5,356.0,366.0,0.8702,0.0297,0.8732,71.7,1,0.0215,0.0562,RSU_03,77,67,BENIGN,0,0,0
5,357.0,367.0,0.8884,0.0095,0.8919,86.0,0,0.0155,0.0954,RSU_03,70,61,BENIGN,0,0,0
5,358.0,368.0,0.8573,0.0141,0.8605,75.7,0,0.051,0.0962,RSU_03,147,128,BENIGN,0,0,0
5,359.0,369.0,0.9387,0.0344,0.9424,87.7,0,0.0389,0.062,RSU_03,103,98,BENIGN,0,0,0
5,360.0,370.0,0.8237,0.0183,0.8274,87.3,0,0.0166,0.0498,RSU_03,140,115,BENIGN,0,0,0
5,361.0,371.0,0.9692,0.0241,0.9728,87.8,0,0.0025,0.0633,RSU_03,145,141,BENIGN,0,0,0
5,362.0,372.0,0.782,0.0252,0.7854,80.8,0,0.038,0.0347,RSU_03,112,86,BENIGN,0,0,0
5,363.0,373.0,0.9545,0.0374,0.957,60.7,0,0.0699,0.0522,RSU_03,138,131,BENIGN,0,0,0
5,364.0,374.0,0.8006,0.0192,0.8039,78.3,0,0.0757,0.0561,RSU_03,116,94,BENIGN,0,0,0
5,365.0,375.0,0.9643,0.0048,0.9678,84.7,0,0.0494,0.0601,RSU_03,135,130,BENIGN,0,0,0
5,366.0,376.0,0.9793,0.0215,0.9832,95.5,0,0.0744,0.0725,RSU_03,76,76,BENIGN,0,0,0
5,367.0,377.0,0.9229,0.0161,0.9262,81.3,0,0.0091,0.0719,RSU_03,132,122,BENIGN,0,0,0
5,368.0,378.0,0.7853,0.0133,0.7883,72.5,0,0.0208,0.0048,RSU_03,90,72,BENIGN,0,0,0
5,369.0,379.0,0.9497,0.0187,0.9533,86.7,0,0.0579,0.0844,RSU_03,96,91,BENIGN,0,0,0
5,370.0,380.0,0.8905,0.027,0.8938,78.9,0,0.0582,0.0357,RSU_03,107,98,BENIGN,0,0,0
5,371.0,381.0,0.8671,0.001,0.8702,74.3,0,0.0277,0.0807,RSU_03,129,110,BENIGN,0,0,0
5,372.0,382.0,0.8261,0.021,0.8283,52.9,0,0.0009,0.0476,RSU_03,83,67,BENIGN,0,0,0
5,373.0,383.0,0.7815,0.0101,0.7852,88.5,0,0.0507,0.0072,RSU_03,60,49,BENIGN,0,0,0
5,374.0,384.0,0.8828,0.0378,0.8866,89.7,0,0.0756,0.0308,RSU_03,130,116,BENIGN,0,0,0
5,375.0,385.0,0.9427,0.0307,0.9461,82.4,0,0.0398,0.0796,RSU_03,76,71,BENIGN,0,0,0
5,376.0,386.0,0.8852,0.0254,0.8884,78.0,0,0.0499,0.0133,RSU_03,89,76,BENIGN,0,0,0
5,377.0,387.0,0.8309,0.0151,0.8341,77.1,1,0.0433,0.0231,RSU_03,72,57,BENIGN,0,0,0
5,378.0,388.0,0.9749,0.0269,0.9786,89.1,0,0.0642,0.0049,RSU_03,109,104,BENIGN,0,0,0
5,379.0,389.0,0.9018,0.0283,0.9045,64.8,0,0.0027,0.0567,RSU_03,67,60,BENIGN,0,0,0
5,380.0,390.0,0.8726,0.0144,0.876,82.3,0,0.0519,0.047,RSU_03,146,125,BENIGN,0,0,0
5,381.0,391.0,0.8868,0.0221,0.8906,89.9,0,0.0263,0.0472,RSU_03,77,66,BENIGN,0,0,0
5,382.0,392.0,0.8657,0.0015,0.8693,87.7,0,0.019,0.0779,RSU_03,110,96,BENIGN,0,0,0
5,383.0,393.0,0.8239,0.0134,0.827,74.3,0,0.0531,0.0561,RSU_03,96,77,BENIGN,0,0,0
5,384.0,394.0,0.8134,0.0246,0.8167,78.2,0,0.0696,0.0458,RSU_03,122,99,BENIGN,0,0,0
5,385.0,395.0,0.9732,0.0231,0.9764,77.5,0,0.0149,0.0127,RSU_03,75,73,BENIGN,0,0,0
5,386.0,396.0,0.8269,0.0176,0.8302,79.9,1,0.0379,0.0565,RSU_03,120,97,BENIGN,0,0,0
5,387.0,397.0,0.9367,0.0089,0.94,78.7,1,0.0751,0.0486,RSU_03,94,86,BENIGN,0,0,0
5,388.0,398.0,0.9764,0.0169,0.9799,85.4,0,0.0647,0.038,RSU_03,133,131,BENIGN,0,0,0
5,389.0,399.0,0.8247,0.0092,0.8277,72.6,0,0.0244,0.0679,RSU_03,138,111,BENIGN,0,0,0
5,390.0,400.0,0.7945,0.004,0.7981,87.3,0,0.0444,0.0328,RSU_03,72,58,BENIGN,0,0,0
5,391.0,401.0,0.9485,0.0295,0.9525,95.9,0,0.0588,0.0985,RSU_03,79,74,BENIGN,0,0,0
5,392.0,402.0,0.9458,0.0166,0.9494,87.2,0,0.0472,0.0056,RSU_03,148,140,BENIGN,0,0,0
5,393.0,403.0,0.8191,0.0012,0.8225,82.4,0,0.0692,0.0396,RSU_03,76,62,BENIGN,0,0,0
5,394.0,404.0,0.8816,0.0279,0.8842,63.6,0,0.0683,0.0196,RSU_03,82,75,BENIGN,0,0,0
5,395.0,405.0,0.86,0.0261,0.8635,83.8,0,0.0335,0.0951,RSU_03,139,119,BENIGN,0,0,0
5,396.0,406.0,0.9261,0.0283,0.9302,97.3,1,0.0287,0.022,RSU_03,141,130,BENIGN,0,0,0
5,397.0,407.0,0.867,0.0327,0.8709,94.6,1,0.031,0.0603,RSU_03,70,58,BENIGN,0,0,0
5,398.0,408.0,0.9694,0.0361,0.973,85.5,0,0.0755,0.0895,RSU_03,50,48,BENIGN,0,0,0
5,399.0,409.0,0.7854,0.0191,0.7891,89.4,0,0.0354,0.0757,RSU_03,77,57,BENIGN,0,0,0
5,400.0,410.0,0.9058,0.0189,0.9089,74.0,0,0.027,0.0374,RSU_03,87,77,BENIGN,0,0,0
5,401.0,411.0,0.9886,0.0303,0.9921,84.2,1,0.0546,0.0405,RSU_03,105,105,BENIGN,0,0,0
5,402.0,412.0,0.8175,0.0169,0.8209,83.2,0,0.0338,0.076,RSU_03,133,107,BENIGN,0,0,0
5,403.0,413.0,0.9451,0.0059,0.9485,80.7,0,0.042,0.0858,RSU_03,81,74,BENIGN,0,0,0
5,404.0,414.0,0.9605,0.0124,0.9643,90.2,1,0.0001,0.0234,RSU_03,58,55,BENIGN,0,0,0
5,405.0,415.0,0.9763,0.0207,0.9797,81.8,0,0.0368,0.0434,RSU_03,119,115,BENIGN,0,0,0
5,406.0,416.0,0.87,0.003,0.8729,71.1,0,0.0423,0.0647,RSU_03,77,66,BENIGN,0,0,0
5,407.0,417.0,0.8684,0.0385,0.8719,84.4,0,0.0219,0.0578,RSU_03,80,71,BENIGN,0,0,0
5,408.0,418.0,0.9274,0.008,0.9301,64.4,0,0.0148,0.0958,RSU_03,108,98,BENIGN,0,0,0
5,409.0,419.0,0.8307,0.0083,0.8345,89.6,0,0.0317,0.086,RSU_03,56,45,BENIGN,0,0,0
5,410.0,420.0,0.9122,0.0085,0.9156,82.0,1,0.0485,0.0383,RSU_03,60,54,BENIGN,0,0,0
5,411.0,421.0,0.9138,0.02,0.9177,93.6,0,0.0416,0.0636,RSU_03,119,110,BENIGN,0,0,0
5,412.0,422.0,0.8242,0.0104,0.8279,87.6,0,0.0736,0.0759,RSU_03,105,90,BENIGN,0,0,0
5,413.0,423.0,0.9675,0.0044,0.9706,75.8,0,0.0638,0.0447,RSU_03,82,78,BENIGN,0,0,0
5,414.0,424.0,0.7956,0.0127,0.7992,85.1,0,0.0255,0.033,RSU_03,100,82,BENIGN,0,0,0
5,415.0,425.0,0.9344,0.0241,0.9376,76.1,0,0.0523,0.0211,RSU_03,82,73,BENIGN,0,0,0
5,416.0,426.0,0.9896,0.004,0.9929,78.1,0,0.0657,0.0119,RSU_03,116,114,BENIGN,0,0,0
5,417.0,427.0,0.8462,0.0036,0.8498,85.6,1,0.0326,0.0912,RSU_03,128,108,BENIGN,0,0,0
5,418.0,428.0,0.8744,0.006,0.8778,81.7,0,0.067,0.028,RSU_03,55,51,BENIGN,0,0,0
5,419.0,429.0,0.8346,0.0291,0.838,81.9,0,0.0619,0.0921,RSU_03,108,88,BENIGN,0,0,0
5,420.0,430.0,0.8451,0.0191,0.8487,85.3,0,0.0015,0.0297,RSU_03,97,83,BENIGN,0,0,0
5,421.0,431.0,0.8947,0.019,0.8986,93.4,0,0.0307,0.0193,RSU_03,64,56,BENIGN,0,0,0
5,422.0,432.0,0.9279,0.0078,0.9311,78.2,0,0.0408,0.0444,RSU_03,92,88,BENIGN,0,0,0
5,423.0,433.0,0.9698,0.0012,0.9732,82.5,0,0.0112,0.0085,RSU_03,76,73,BENIGN,0,0,0
5,424.0,434.0,0.9697,0.0376,0.9737,95.7,0,0.0131,0.0853,RSU_03,98,93,BENIGN,0,0,0
5,425.0,435.0,0.9653,0.0268,0.9691,91.3,1,0.07,0.0994,RSU_03,101,97,BENIGN,0,0,0
5,426.0,436.0,0.8423,0.039,0.8454,74.1,0,0.0562,0.0173,RSU_03,97,81,BENIGN,0,0,0
5,427.0,437.0,0.7865,0.0275,0.7896,73.8,0,0.039,0.0791,RSU_03,131,96,BENIGN,0,0,0
5,428.0,438.0,0.8404,0.0131,0.8431,66.5,0,0.0339,0.0655,RSU_03,77,63,BENIGN,0,0,0
5,429.0,439.0,0.8847,0.0386,0.8879,78.5,0,0.0403,0.0276,RSU_03,69,60,BENIGN,0,0,0
5,430.0,440.0,0.9386,0.029,0.942,82.5,0,0.0035,0.0803,RSU_03,103,100,BENIGN,0,0,0
5,431.0,441.0,0.8114,0.0167,0.815,86.0,0,0.0268,0.035,RSU_03,59,43,BENIGN,0,0,0
5,432.0,442.0,0.9678,0.0082,0.9711,77.3,0,0.0333,0.0312,RSU_03,128,123,BENIGN,0,0,0
5,433.0,443.0,0.8152,0.005,0.8182,70.9,0,0.0638,0.0496,RSU_03,113,92,BENIGN,0,0,0
5,434.0,444.0,0.8447,0.0261,0.8482,84.6,0,0.012,0.0617,RSU_03,135,110,BENIGN,0,0,0
5,435.0,445.0,0.8975,0.0039,0.9007,77.8,0,0.0639,0.0973,RSU_03,68,59,BENIGN,0,0,0
5,436.0,446.0,0.817,0.0317,0.8203,80.7,0,0.0048,0.0883,RSU_03,117,97,BENIGN,0,0,0
5,437.0,447.0,0.9067,0.0144,0.9096,70.3,0,0.0355,0.0827,RSU_03,83,74,BENIGN,0,0,0
5,438.0,448.0,0.9685,0.0087,0.9712,67.0,0,0.0509,0.0881,RSU_03,53,48,BENIGN,0,0,0
5,439.0,449.0,0.8582,0.0278,0.8614,77.0,0,0.0203,0.0022,RSU_03,144,125,BENIGN,0,0,0
5,440.0,450.0,0.8232,0.0346,0.8264,76.6,0,0.0398,0.0366,RSU_03,116,93,BENIGN,0,0,0
5,441.0,451.0,0.8451,0.008,0.848,69.6,0,0.0646,0.0805,RSU_03,99,81,BENIGN,0,0,0
5,442.0,452.0,0.8676,0.0398,0.8715,94.9,0,0.0118,0.0593,RSU_03,138,120,BENIGN,0,0,0
5,443.0,453.0,0.8371,0.0341,0.8407,85.4,0,0.0315,0.071,RSU_03,64,54,BENIGN,0,0,0
5,444.0,454.0,0.8838,0.0279,0.8873,82.1,0,0.001,0.0637,RSU_03,104,95,BENIGN,0,0,0
5,445.0,455.0,0.8381,0.0188,0.8417,85.3,0,0.0541,0.0929,RSU_03,64,52,BENIGN,0,0,0
5,446.0,456.0,0.874,0.0283,0.8771,74.3,0,0.0258,0.0844,RSU_03,103,89,BENIGN,0,0,0
5,447.0,457.0,0.7849,0.0389,0.7887,92.3,0,0.0239,0.0249,RSU_03,98,77,BENIGN,0,0,0
5,448.0,458.0,0.8724,0.0214,0.8762,92.0,0,0.0316,0.0915,RSU_03,135,118,BENIGN,0,0,0
5,449.0,459.0,0.9486,0.0232,0.9517,74.7,0,0.0765,0.0231,RSU_03,98,92,BENIGN,0,0,0
5,450.0,460.0,0.853,0.0212,0.856,73.1,0,0.0487,0.0609,RSU_03,122,105,BENIGN,0,0,0
5,451.0,461.0,0.9194,0.0118,0.9226,75.4,0,0.025,0.0125,RSU_03,91,84,BENIGN,0,0,0
5,452.0,462.0,0.9691,0.0155,0.973,93.0,1,0.0695,0.0039,RSU_03,64,62,BENIGN,0,0,0
5,453.0,463.0,0.7824,0.0256,0.7853,70.5,0,0.0105,0.0823,RSU_03,127,96,BENIGN,0,0,0
5,454.0,464.0,0.8128,0.0076,0.8156,67.7,0,0.0501,0.0991,RSU_03,139,112,BENIGN,0,0,0
5,455.0,465.0,0.895,0.0168,0.8986,87.4,0,0.0728,0.0234,RSU_03,59,57,BENIGN,0,0,0
5,456.0,466.0,0.869,0.0219,0.872,73.5,0,0.0793,0.0221,RSU_03,87,76,BENIGN,0,0,0
5,457.0,467.0,0.8812,0.0098,0.8847,81.9,0,0.0497,0.0539,RSU_03,67,57,BENIGN,0,0,0
5,458.0,468.0,0.9584,0.0294,0.9612,68.6,0,0.0711,0.0735,RSU_03,140,130,BENIGN,0,0,0
5,459.0,469.0,0.9025,0.007,0.9058,79.1,0,0.0272,0.0318,RSU_03,76,67,BENIGN,0,0,0
5,460.0,470.0,0.9358,0.0334,0.9392,81.2,0,0.0707,0.0416,RSU_03,84,74,BENIGN,0,0,0
5,461.0,471.0,0.9792,0.0168,0.9826,80.3,0,0.0653,0.0283,RSU_03,79,77,BENIGN,0,0,0
5,462.0,472.0,0.9471,0.0174,0.9507,85.5,0,0.0309,0.0192,RSU_03,146,138,BENIGN,0,0,0
5,463.0,473.0,0.794,0.0337,0.797,71.5,0,0.0284,0.0419,RSU_03,133,103,BENIGN,0,0,0
5,464.0,474.0,0.9268,0.0302,0.93,77.6,0,0.0606,0.0061,RSU_03,70,63,BENIGN,0,0,0
5,465.0,475.0,0.9441,0.0006,0.9467,61.2,0,0.0528,0.0,RSU_03,56,52,BENIGN,0,0,0
5,466.0,476.0,0.8965,0.0271,0.9002,88.7,1,0.0184,0.0512,RSU_03,141,125,BENIGN,0,0,0
5,467.0,477.0,0.9044,0.0011,0.9073,69.8,0,0.0072,0.0157,RSU_03,63,57,BENIGN,0,0,0
5,468.0,478.0,0.967,0.0245,0.9702,77.1,0,0.0701,0.0527,RSU_03,58,52,BENIGN,0,0,0
5,469.0,479.0,0.7992,0.0132,0.8029,90.1,0,0.0311,0.0306,RSU_03,63,50,BENIGN,0,0,0
5,470.0,480.0,0.9128,0.0215,0.9164,86.2,0,0.0439,0.0249,RSU_03,102,90,BENIGN,0,0,0
5,471.0,481.0,0.8182,0.0103,0.8215,79.2,0,0.0176,0.0071,RSU_03,84,67,BENIGN,0,0,0
5,472.0,482.0,0.9795,0.0343,0.9835,96.3,0,0.0635,0.0952,RSU_03,73,70,BENIGN,0,0,0
5,473.0,483.0,0.9853,0.004,0.9889,86.7,0,0.0351,0.0977,RSU_03,87,86,BENIGN,0,0,0
5,474.0,484.0,0.7845,0.0011,0.7879,82.8,0,0.0714,0.0723,RSU_03,60,47,BENIGN,0,0,0
5,475.0,485.0,0.9438,0.021,0.947,77.9,0,0.0765,0.0481,RSU_03,117,110,BENIGN,0,0,0
5,476.0,486.0,0.8283,0.0131,0.8318,85.2,0,0.0682,0.0498,RSU_03,85,70,BENIGN,0,0,0
5,477.0,487.0,0.8389,0.0242,0.8419,70.9,1,0.0569,0.0827,RSU_03,142,119,BENIGN,0,0,0
5,478.0,488.0,0.7921,0.005,0.7959,91.9,1,0.0359,0.0211,RSU_03,78,60,BENIGN,0,0,0
5,479.0,489.0,0.8666,0.0068,0.8695,69.2,0,0.0059,0.0236,RSU_03,55,50,BENIGN,0,0,0
5,480.0,490.0,0.8613,0.0326,0.865,89.6,0,0.0178,0.0119,RSU_03,100,87,BENIGN,0,0,0
5,481.0,491.0,0.7919,0.0171,0.7956,88.8,0,0.0191,0.0759,RSU_03,137,111,BENIGN,0,0,0
5,482.0,492.0,0.8018,0.0129,0.805,75.6,0,0.0431,0.0974,RSU_03,89,70,BENIGN,0,0,0
5,483.0,493.0,0.8204,0.0305,0.8236,75.1,0,0.0049,0.0997,RSU_03,102,82,BENIGN,0,0,0
5,484.0,494.0,0.879,0.0132,0.8816,62.8,0,0.0212,0.0926,RSU_03,79,70,BENIGN,0,0,0
5,485.0,495.0,0.819,0.0076,0.8217,64.0,1,0.0555,0.0407,RSU_03,128,103,BENIGN,0,0,0
5,486.0,496.0,0.936,0.0253,0.939,72.4,0,0.048,0.074,RSU_03,55,52,BENIGN,0,0,0
5,487.0,497.0,0.8309,0.0336,0.8339,72.3,0,0.0384,0.0643,RSU_03,129,109,BENIGN,0,0,0
5,488.0,498.0,0.9595,0.0247,0.9629,82.0,1,0.0488,0.0921,RSU_03,74,72,BENIGN,0,0,0
5,489.0,499.0,0.8739,0.0254,0.8773,80.3,0,0.0362,0.061,RSU_03,132,112,BENIGN,0,0,0
5,490.0,500.0,0.8739,0.0129,0.8774,84.1,0,0.0011,0.0797,RSU_03,82,69,BENIGN,0,0,0
5,491.0,501.0,0.9275,0.0309,0.9304,68.6,0,0.0314,0.0663,RSU_03,122,110,BENIGN,0,0,0
5,492.0,502.0,0.9222,0.0259,0.9253,75.1,0,0.0047,0.0818,RSU_03,106,97,BENIGN,0,0,0
5,493.0,503.0,0.9419,0.0045,0.9455,85.7,1,0.0329,0.0817,RSU_03,119,109,BENIGN,0,0,0
5,494.0,504.0,0.9176,0.009,0.921,80.4,0,0.0284,0.0977,RSU_03,72,65,BENIGN,0,0,0
5,495.0,505.0,0.9622,0.0136,0.9648,63.2,0,0.0528,0.0549,RSU_03,77,76,BENIGN,0,0,0
5,496.0,506.0,0.9503,0.0028,0.9537,82.0,0,0.0076,0.0342,RSU_03,61,54,BENIGN,0,0,0
5,497.0,507.0,0.9801,0.0301,0.9826,60.1,0,0.0144,0.0936,RSU_03,89,86,BENIGN,0,0,0
5,498.0,508.0,0.968,0.0133,0.9704,59.2,0,0.0463,0.024,RSU_03,129,123,BENIGN,0,0,0
5,499.0,509.0,0.9278,0.0225,0.9309,73.7,0,0.048,0.0574,RSU_03,58,55,BENIGN,0,0,0
